{
    "cos_gwtheta": 0.6818968932143022,
    "gwphi": 0.6247850534696543,
    "log10_F": -7.219263270491185,
    "tref": 4548096000.0,
    "gwdist": 94.17,
    "gwecc_cos_inc": 0.0,
    "gwecc_e0": 0.45,
    "gwecc_eta": 0.125,
    "gwecc_gamma0": 1.57,
    "gwecc_l0": 3.14,
    "gwecc_log10_A": -9.0,
    "gwecc_psi": 1.57
}
