{
    "B1855+09_red_noise_gamma": 4.190059329217135,
    "B1855+09_red_noise_log10_A": -14.004981883757486,
    "B1937+21_red_noise_gamma": 3.349473030032415,
    "B1937+21_red_noise_log10_A": -13.460811021317447,
    "B1953+29_red_noise_gamma": 2.4400129892720215,
    "B1953+29_red_noise_log10_A": -12.903687093556465,
    "J0023+0923_red_noise_gamma": 0.4943431532054829,
    "J0023+0923_red_noise_log10_A": -13.115352192780794,
    "J0030+0451_red_noise_gamma": 4.723223452078372,
    "J0030+0451_red_noise_log10_A": -15.099531702594746,
    "J0340+4130_red_noise_gamma": 3.2412218878040933,
    "J0340+4130_red_noise_log10_A": -16.924169413344842,
    "J0613-0200_red_noise_gamma": 2.126322398715798,
    "J0613-0200_red_noise_log10_A": -14.118092856696613,
    "J0636+5128_red_noise_gamma": 3.283210151526023,
    "J0636+5128_red_noise_log10_A": -16.791446441406258,
    "J0645+5158_red_noise_gamma": 3.1752709123682754,
    "J0645+5158_red_noise_log10_A": -17.0919295640406,
    "J0740+6620_red_noise_gamma": 3.2828252155360143,
    "J0740+6620_red_noise_log10_A": -16.770260242509153,
    "J0931-1902_red_noise_gamma": 3.3506028826215304,
    "J0931-1902_red_noise_log10_A": -16.736069087469584,
    "J1012+5307_red_noise_gamma": 1.2245051763297943,
    "J1012+5307_red_noise_log10_A": -12.78937162756976,
    "J1024-0719_red_noise_gamma": 3.118708132942325,
    "J1024-0719_red_noise_log10_A": -16.313271724225963,
    "J1125+7819_red_noise_gamma": 2.7166561887267977,
    "J1125+7819_red_noise_log10_A": -15.711658659570293,
    "J1453+1902_red_noise_gamma": 3.2888723439139467,
    "J1453+1902_red_noise_log10_A": -16.617643942488378,
    "J1455-3330_red_noise_gamma": 3.0769309222998276,
    "J1455-3330_red_noise_log10_A": -16.859830496089675,
    "J1600-3053_red_noise_gamma": 0.6273593279864019,
    "J1600-3053_red_noise_log10_A": -13.561682990790452,
    "J1614-2230_red_noise_gamma": 3.117771186866227,
    "J1614-2230_red_noise_log10_A": -17.175590875394693,
    "J1640+2224_red_noise_gamma": 3.1299343790667202,
    "J1640+2224_red_noise_log10_A": -17.14284870346723,
    "J1643-1224_red_noise_gamma": 1.2425695451919996,
    "J1643-1224_red_noise_log10_A": -12.25818902368837,
    "J1713+0747_red_noise_gamma": 0.9198618017306118,
    "J1713+0747_red_noise_log10_A": -14.015145446205823,
    "J1738+0333_red_noise_gamma": 3.1672669388180923,
    "J1738+0333_red_noise_log10_A": -17.089413886565488,
    "J1741+1351_red_noise_gamma": 2.9669356599287715,
    "J1741+1351_red_noise_log10_A": -16.869350360130902,
    "J1744-1134_red_noise_gamma": 2.2533579200846128,
    "J1744-1134_red_noise_log10_A": -13.621311555136273,
    "J1747-4036_red_noise_gamma": 3.6600538138718495,
    "J1747-4036_red_noise_log10_A": -12.66521090791868,
    "J1832-0836_red_noise_gamma": 2.8505424078676214,
    "J1832-0836_red_noise_log10_A": -15.76188534552859,
    "J1853+1303_red_noise_gamma": 1.907855479323207,
    "J1853+1303_red_noise_log10_A": -13.285052262888563,
    "J1903+0327_red_noise_gamma": 1.591722200122869,
    "J1903+0327_red_noise_log10_A": -12.236859084935901,
    "J1909-3744_red_noise_gamma": 1.5631004029640914,
    "J1909-3744_red_noise_log10_A": -14.367315130546487,
    "J1910+1256_red_noise_gamma": 3.1965915781512386,
    "J1910+1256_red_noise_log10_A": -16.70660139466095,
    "J1911+1347_red_noise_gamma": 2.7312459468208017,
    "J1911+1347_red_noise_log10_A": -13.865417387361834,
    "J1918-0642_red_noise_gamma": 2.683906475319785,
    "J1918-0642_red_noise_log10_A": -16.45664712082524,
    "J1923+2515_red_noise_gamma": 3.005635675744955,
    "J1923+2515_red_noise_log10_A": -16.78776999761679,
    "J1944+0907_red_noise_gamma": 3.0699891787825093,
    "J1944+0907_red_noise_log10_A": -16.58525674288292,
    "J2010-1323_red_noise_gamma": 3.097302971402644,
    "J2010-1323_red_noise_log10_A": -17.09214375400506,
    "J2017+0603_red_noise_gamma": 3.281329285846833,
    "J2017+0603_red_noise_log10_A": -17.030328580024438,
    "J2033+1734_red_noise_gamma": 3.078633516649002,
    "J2033+1734_red_noise_log10_A": -16.522273383734642,
    "J2043+1711_red_noise_gamma": 2.8159031838596613,
    "J2043+1711_red_noise_log10_A": -16.070985885881065,
    "J2145-0750_red_noise_gamma": 1.492300802635875,
    "J2145-0750_red_noise_log10_A": -12.914235706906874,
    "J2214+3000_red_noise_gamma": 3.1897737074533206,
    "J2214+3000_red_noise_log10_A": -16.872536211844192,
    "J2229+2643_red_noise_gamma": 3.2680182693857436,
    "J2229+2643_red_noise_log10_A": -16.906912858956748,
    "J2234+0611_red_noise_gamma": 3.463977079558955,
    "J2234+0611_red_noise_log10_A": -13.65223109916974,
    "J2234+0944_red_noise_gamma": 3.270071922485226,
    "J2234+0944_red_noise_log10_A": -16.81814196053973,
    "J2302+4442_red_noise_gamma": 3.2411495631619966,
    "J2302+4442_red_noise_log10_A": -16.665427601227744,
    "J2317+1439_red_noise_gamma": 3.146413994328727,
    "J2317+1439_red_noise_log10_A": -17.098208332159718,
    "gwb_gamma": 5.522610811793521,
    "gwb_log10_A": -15.26988678630769
}