{
    "B1855+09_red_noise_gamma": 4.290776665246982,
    "B1855+09_red_noise_log10_A": -14.052647600254627,
    "B1937+21_red_noise_gamma": 3.547618053330565,
    "B1937+21_red_noise_log10_A": -13.524159867317364,
    "B1953+29_red_noise_gamma": 2.425712557150207,
    "B1953+29_red_noise_log10_A": -12.908424884812641,
    "J0023+0923_red_noise_gamma": 0.5566793774858854,
    "J0023+0923_red_noise_log10_A": -13.135120716520433,
    "J0030+0451_red_noise_gamma": 5.273163184130214,
    "J0030+0451_red_noise_log10_A": -14.844440213575943,
    "J0340+4130_red_noise_gamma": 3.192397847772087,
    "J0340+4130_red_noise_log10_A": -16.907902939670713,
    "J0613-0200_red_noise_gamma": 2.7023829406411704,
    "J0613-0200_red_noise_log10_A": -15.590362630486755,
    "J0636+5128_red_noise_gamma": 3.271380090848474,
    "J0636+5128_red_noise_log10_A": -16.805927771165432,
    "J0645+5158_red_noise_gamma": 3.150251856737345,
    "J0645+5158_red_noise_log10_A": -17.054411196088374,
    "J0740+6620_red_noise_gamma": 3.306297725805834,
    "J0740+6620_red_noise_log10_A": -16.813454719429316,
    "J0931-1902_red_noise_gamma": 3.36135904035868,
    "J0931-1902_red_noise_log10_A": -16.71990446578593,
    "J1012+5307_red_noise_gamma": 1.2560316765660033,
    "J1012+5307_red_noise_log10_A": -12.78893868318155,
    "J1024-0719_red_noise_gamma": 3.1520492275734586,
    "J1024-0719_red_noise_log10_A": -16.54148346588394,
    "J1125+7819_red_noise_gamma": 2.714846387797756,
    "J1125+7819_red_noise_log10_A": -15.688069611103723,
    "J1453+1902_red_noise_gamma": 3.3154563889870112,
    "J1453+1902_red_noise_log10_A": -16.631274539206323,
    "J1455-3330_red_noise_gamma": 3.0371332103424136,
    "J1455-3330_red_noise_log10_A": -16.90816383228631,
    "J1600-3053_red_noise_gamma": 0.9039799821613046,
    "J1600-3053_red_noise_log10_A": -13.990328603231394,
    "J1614-2230_red_noise_gamma": 3.110184847544284,
    "J1614-2230_red_noise_log10_A": -17.233703335563774,
    "J1640+2224_red_noise_gamma": 3.0923916540746053,
    "J1640+2224_red_noise_log10_A": -17.216188831615398,
    "J1643-1224_red_noise_gamma": 1.2341597122976404,
    "J1643-1224_red_noise_log10_A": -12.260246727506594,
    "J1713+0747_red_noise_gamma": 2.768458670415931,
    "J1713+0747_red_noise_log10_A": -17.25708513769727,
    "J1738+0333_red_noise_gamma": 3.1673517666059534,
    "J1738+0333_red_noise_log10_A": -17.088074807001554,
    "J1741+1351_red_noise_gamma": 3.0997303345161757,
    "J1741+1351_red_noise_log10_A": -17.079890070536738,
    "J1744-1134_red_noise_gamma": 3.778657394992633,
    "J1744-1134_red_noise_log10_A": -14.137354159654532,
    "J1747-4036_red_noise_gamma": 3.6500377502022414,
    "J1747-4036_red_noise_log10_A": -12.66549068517101,
    "J1832-0836_red_noise_gamma": 3.0305304481193267,
    "J1832-0836_red_noise_log10_A": -16.36736615959014,
    "J1853+1303_red_noise_gamma": 2.0005839824067775,
    "J1853+1303_red_noise_log10_A": -13.323543226169264,
    "J1903+0327_red_noise_gamma": 1.5956590071212025,
    "J1903+0327_red_noise_log10_A": -12.238067534299228,
    "J1909-3744_red_noise_gamma": 3.875504410972177,
    "J1909-3744_red_noise_log10_A": -16.323747514632213,
    "J1910+1256_red_noise_gamma": 3.2612021020356368,
    "J1910+1256_red_noise_log10_A": -16.643485395062356,
    "J1911+1347_red_noise_gamma": 3.086350867593479,
    "J1911+1347_red_noise_log10_A": -16.479183974291715,
    "J1918-0642_red_noise_gamma": 2.866943479156409,
    "J1918-0642_red_noise_log10_A": -16.538741472944636,
    "J1923+2515_red_noise_gamma": 3.0825091452817706,
    "J1923+2515_red_noise_log10_A": -16.853246784014974,
    "J1944+0907_red_noise_gamma": 3.151603420408863,
    "J1944+0907_red_noise_log10_A": -16.299612128701003,
    "J2010-1323_red_noise_gamma": 3.0941432101265023,
    "J2010-1323_red_noise_log10_A": -17.137716421493497,
    "J2017+0603_red_noise_gamma": 3.230322136672054,
    "J2017+0603_red_noise_log10_A": -16.986701421275068,
    "J2033+1734_red_noise_gamma": 3.114384229205573,
    "J2033+1734_red_noise_log10_A": -16.490752473169877,
    "J2043+1711_red_noise_gamma": 3.3127406190795776,
    "J2043+1711_red_noise_log10_A": -16.869351015798813,
    "J2145-0750_red_noise_gamma": 1.747042865236856,
    "J2145-0750_red_noise_log10_A": -12.931043358644876,
    "J2214+3000_red_noise_gamma": 3.193255620756677,
    "J2214+3000_red_noise_log10_A": -16.848267496612035,
    "J2229+2643_red_noise_gamma": 3.245168959718135,
    "J2229+2643_red_noise_log10_A": -16.904205683067993,
    "J2234+0611_red_noise_gamma": 3.4845891924788326,
    "J2234+0611_red_noise_log10_A": -14.300257729663288,
    "J2234+0944_red_noise_gamma": 3.2828708459865266,
    "J2234+0944_red_noise_log10_A": -16.835892663452057,
    "J2302+4442_red_noise_gamma": 3.2277839488997566,
    "J2302+4442_red_noise_log10_A": -16.666254888568997,
    "J2317+1439_red_noise_gamma": 4.106005281215261,
    "J2317+1439_red_noise_log10_A": -15.909382931464313,
    "gwb_gamma": 2.299155162760456,
    "gwb_log10_A": -13.895122313181185
}